Nome;Telefone
Innédita Soluções Automotivas | Oficina Mecânica Piracicaba;19 99431-5803
Bina's Car Mecânica;19 98171-0939
Auto Mecanica São Dimas;19 98812-7089
ALFA - Mecânica de Autos;19 3433-8146
Auto Box - Oficina Automotiva;19 3402-9492
Oficina Mecanica Fabinho;34281417
Oficina Mecânica Paulista Serviços Automotivos;19 2532-5095
Paraná Serviços Automotivos - Troca de óleo de Câmbio Automático - Oficina Mecânica em Piracicaba;19 98391-4190
Oficina Mecânica Ratão;19 3433-1123
OFICINA MECAUTO - OFICINA MECÂNICA EM PIRACICABA;19 3434-0871
Oficina Mecanica Pezzato;19 2534-2939
Auto Mecânica Agape;19 3927-7238
Mecânica Prudente;19 3426-5310
Sid Car Mecânica em Geral;19 99976-0796
Oficina Mecânica Alemão;19 3426-4533
Mecanica Point Lub Revisão Automotiva;19 3422-2942
Vila Car Oficina Mecânica;19 98762-6924
Oficina Mecânica Líbano Centro Automotivo;19 99770-0995
Oficina Mecânica Carlim;19 3421-3842
Oficina Mecânica Torpedo;19 98282-2326
Oficina Mecânica Sabia;19 3421-8785
Oficina LF Mecânica Especializada;19 99608-1596
Uniautos Oficina mecânica;19 99937-0850
Oficina Mecânica Cesar;19 3413-1631
Auto Mecânica Adão;19 3433-8702
Oficina Mecânica Irmãos Novello TSI;19 3426-5182
João Ré;19 98874-4763
Oficina Mecânica Reginaldo | Mecanico em Piracicaba;19 97160-1873
S & D Oficina Mecânica;19 3421-7731
OFICINA MECÂNICA J MCQUEEN;19 99627-6240
Goes Monkey Oficina Mecânica;19 3377-8723
Oficina Mecânica Galucci;19 99738-5096
Mecânica Bom Jesus;19 97402-0939
Oficina Mecânica Matriz;19 99361-1801
Oficina Mecânica São Miguel Arcanjo;19 3434-6766
Oficina Mecânica Gaiotto;19 99269-7030
Oficina do Turco;19 3422-8354
TH OFICINA MECÂNICA E BICOS INJETORES;19 3434-2884
Bosch Car Service - Auto Mecânica Goiocar;19 3411-8469
Tunap Car Service;19 99928-3670
Tunap Car Service;19 99928-3670
OFICINA MECANICA DO RATINHO;19 3411-4677
LC Oficina Mecânica Nacionais e Importados;19 99276-5410
Oficina Mecânica e Auto Elétrica METATRON Nacionais & Importados;19 99101-7101
Infinity Service - Car Motorcycle;19 3374-4434
Oficina Mecânica do GRIPPA;N/A
Oficina Mecânica Leandro;19 3433-1691
CHAMPION AUTOMOTIVE NACIONAIS E IMPORTADOS;19 2532-0807
Diego Oficina Mecanica;19 99566-7157
Oficina Mecânica Rcar;N/A
Oficina Mecânica Schiavinato 3 irmãos;19 99240-5516
VS Oficina Mecânica - Piracicaba-SP - Mecânica de autos;19 3374-4173
Oficina Mecânica Sol Nascente;19 97408-7512
MAMA AUTO MECÂNICA ESPECIALISTA CÂMBIO AUTOMATICO;19 97405-2502
Auto Mecânica Blumer;19 3421-1372
B&R Mecânica De Autos;19 99627-7049
Ma Auto Center;19 3427-2230
Oficina mecânica J Mecânica;19 99782-7263
Bosch Car Service - Centro Automotivo Goiocar Loja II;19 3377-1000
Bosch Car Service - Centro Automotivo Bispo;19 99814-0548
Auto Mecânica Sinai;19 99620-5447
Bosch Car Service - Centro Automotivo Bispo;19 99814-0548
Oficina mecânica do Nei;19 3433-0281
Oficina Asiatica Automotive;19 3301-3099
Auto Mecânica Rezende;19 3421-4778
Scar Oficina Mecânica;19 97122-5761
Auto Mecânica Geraldo;19 3426-2372
A Mecânica;19 3411-4251
Auto mecânica Di Porto Motors;19 3411-8368
Oficina Mecânica São Cristóvão;19 3371-8864
MECÂNICA RONE;N/A
For Drive - Câmbios Automáticos Piracicaba;19 98899-3781
Mecanica Almeida;19 3413-7819
Centro Automotivo Porto Serviço Vila Rezende;19 3374-2943
Garage 1909 Oficina Mecânica Diesel Especializada;19 99636-8773
Disão e Lucão Alinhamento de Rodas De Moto e Mecânica;19 98296-2994
Renan Motos Preparações e Oficina Mecânica;19 99853-4309
Paulo Car Auto Mecânica Carros Importados e Nacionais,Consertos de Módulos Injeção Eletrônica,ABS, AIRBAGS e Programações;19 98126-5407
OFICINA MECÂNICA MIQUIM;19 99694-4886
Turbo Tech Oficina Mecânica | Especializada em Veiculos à Diesel, Híbridos e Elétricos Sigmahot;19 99374-7757
Turbo Tech Oficina Mecânica | Especializada em Veiculos à Diesel, Híbridos e Elétricos Sigmahot;19 99374-7757
Oficina Mecânica Amendoim;19 3426-3911
Lecar Comércio de Motores e Peças Ltda;19 3402-2081
MECCANICA GARAGE;19 99796-8668
Fag Car Service, oficina mecanica;19 99367-7168
Oficina mecânica GAMM;19 99238-5222
114 Garage - Oficina Mecânica de Motos Multimarcas;19 99318-6691
Barreto Car Oficina Mecânica;19 98934-4274
Oficina Mecânica Dumo Diesel;19 3432-2574
Val Motos Oficina;19 3413-7355
Forte Pneus e Amortecedores Piracicaba;19 99766-0583
DSD Oficina De Motos;19 99709-3148
KM. Técnica Mecânica Especializada Honda e Toyota;19 3434-5090
Embrefreio;19 3422-6549
MECANICA SÃO LUIZ;N/A
WTRANSMATIC - Oficina de Câmbios;19 3426-9752
Oficina Mecânica Carnevalli;19 98231-7105
Alinhatec Centro Automotivo;19 98159-7567
Ré Oficina Mecânica;N/A
Cristal Racing Team;19 99734-9501
RM Moto Center;19 3375-4744
Oficina mecânica GAMM;19 99238-5222
Garagem 89 Oficina Mecánica;19 3301-0734
Oficina Mecânica Rd Caminhões;19 99705-5427
OFICINA MECÂNICA COLONELLO;19 98816-1401
AUTO MECÂNICA obayat;N/A
Du Motos Oficina e Peças;19 99711-4982
Mecânica Grillo;N/A
OFICINA mecânica do SAL;N/A
Mecânica Dias;19 3414-3505
Oficina Gp Motos;19 3433-6333
Bacchim Motos;19 98260-6303
Mecanica de carros do Luiz - centro;19 97107-8799
Denilson Vans Oficina Mecânica de Veículos a Diesel;19 99160-0990
Bellato Car Oficina Mecânica & Felipe Som | Auto Elétrica e Sistema Eletrônico Veicular| Som e Acessórios;19 99996-6914
Oficina Mecânica SJ Company;19 99829-0724
MSCUSTOM GARAGEM LTDA - Oficina e Customização;19 3374-1374
JK Garage Piracicaba- Oficina de Motos e Customização;19 99117-3378
Isaac Augusto dos Santos;19 3415-1185
J.V.R Oficina mecânica;19 98222-8594
Hot Flow Piracicaba;19 3432-6207
Beto & Toninho Mecânica;19 3434-2740
Auto vidros jcar;19 2534-0074
Juninho Motos Oficina Especializada;19 97112-0026
André Motos Peças | Acessórios | Oficina Mecânica de Motos;19 99640-1124
Borracharia Brasília;19 3374-5235
André Rodas;19 99896-0146
Alex Auto Elétrica;19 99201-5908
Geraldin Racer Oficina Mecânica de Motos;19 98909-4353
Oficina Mecanica Do Apiaí E Borracharia;N/A
Auto Mecânica Bela Vista | BV - Piracicaba/SP.;19 3425-2029
Supercar Auto Center;19 3377-5300
Auto Center Brasil;19 3411-8959
REIS AUTOCENTER;19 99626-1148
Power Motos;19 98427-3572
Wm Motos;N/A
RM PIRA - Remarcação de Chassi e Motor;19 92006-3167
Atômico Auto Center;19 97407-5949
SHOCK PIRA AMORTECEDORES MOLAS SUSPENSÃO;19 99744-0703
Funilaria e Pintura Zero KM;19 99746-9866
Spark Tires Ltd.;19 3433-1467
Roma Auto Center;19 2227-3964
Juniao Motos;19 98254-0640
Ka Moto;19 3426-7247
Master Film estética automotiva;19 99777-9697
FORTE CENTRO AUTOMOTIVO;19 99633-8703
Bakamart Moto Peças;19 3422-2617
Paulo Crivellari - Oficina de Motos;N/A
